{"cameraMode":{"drawMode":0,"name":"Shaded","section":"Shading Mode"},"sceneLighting":true,"audioPlay":false,"sceneViewState":{"showFog":true,"showMaterialUpdate":true,"showSkybox":true,"showFlares":true,"showImageEffects":true,"showParticleSystems":true},"in2DMode":false,"pivot":{"x":-8.234610557556153,"y":3.3394486904144289,"z":118.63600158691406},"rotation":{"x":-0.050969354808330539,"y":0.019450565800070764,"z":-0.0010122983949258924,"w":-0.9985409379005432},"size":261.95751953125,"orthographic":false}