{"cameraMode":{"drawMode":0,"name":"Shaded","section":"Shading Mode"},"sceneLighting":true,"audioPlay":false,"sceneViewState":{"showFog":true,"showMaterialUpdate":false,"showSkybox":true,"showFlares":true,"showImageEffects":true,"showParticleSystems":true},"in2DMode":false,"pivot":{"x":-0.3292427062988281,"y":-5.777256011962891,"z":24.697261810302736},"rotation":{"x":0.24723544716835023,"y":0.07059148699045181,"z":-0.01806464232504368,"w":0.9662367701530457},"size":50.54595947265625,"orthographic":false}