{"cameraMode":{"drawMode":0,"name":"Shaded","section":"Shading Mode"},"sceneLighting":true,"audioPlay":false,"sceneViewState":{"showFog":true,"showMaterialUpdate":true,"showSkybox":true,"showFlares":true,"showImageEffects":true,"showParticleSystems":true},"in2DMode":false,"pivot":{"x":-1.0465526580810547,"y":19.869552612304689,"z":-8.428733825683594},"rotation":{"x":-0.07762087136507034,"y":0.21070975065231324,"z":-0.016803238540887834,"w":-0.9743509292602539},"size":71.92435455322266,"orthographic":false}