{"cameraMode":{"drawMode":0,"name":"Shaded","section":"Shading Mode"},"sceneLighting":true,"audioPlay":false,"sceneViewState":{"showFog":true,"showMaterialUpdate":false,"showSkybox":true,"showFlares":true,"showImageEffects":true,"showParticleSystems":true},"in2DMode":false,"pivot":{"x":46.45380783081055,"y":-6.559366226196289,"z":-2.679046630859375},"rotation":{"x":-0.19959624111652375,"y":-0.5490851402282715,"z":0.13697803020477296,"w":-0.7999728918075562},"size":59.710174560546878,"orthographic":false}