{"cameraMode":{"drawMode":0,"name":"Shaded","section":"Shading Mode"},"sceneLighting":true,"audioPlay":false,"sceneViewState":{"showFog":true,"showMaterialUpdate":false,"showSkybox":true,"showFlares":true,"showImageEffects":true,"showParticleSystems":true},"in2DMode":false,"pivot":{"x":-0.07025228440761566,"y":2.7766754627227785,"z":-14.909438133239746},"rotation":{"x":0.20697760581970216,"y":-0.013766350224614144,"z":0.0029120692051947119,"w":0.9782701134681702},"size":1.4500420093536378,"orthographic":false}