{"cameraMode":{"drawMode":0,"name":"Shaded","section":"Shading Mode"},"sceneLighting":true,"audioPlay":false,"sceneViewState":{"showFog":true,"showMaterialUpdate":false,"showSkybox":true,"showFlares":true,"showImageEffects":true,"showParticleSystems":true},"in2DMode":false,"pivot":{"x":10.859882354736329,"y":0.2112884521484375,"z":16.564167022705079},"rotation":{"x":0.2536068260669708,"y":0.33993107080459597,"z":-0.09572942554950714,"w":0.900565505027771},"size":33.89934158325195,"orthographic":false}